name,form,url,artists,status
Bulbasaur,,,Tayla,reserved
Ivysaur,,http://i1189.photobucket.com/albums/z435/Project_Amethyst/Project%20Amethyst/002Ivysaur.png,Arch|Scepticallistic,done
Venusaur,,http://i1189.photobucket.com/albums/z435/Project_Amethyst/Project%20Amethyst/003Venusaur.png,Wizwum,done
Charmander,,,Arch,reserved
Charmeleon,,http://i1189.photobucket.com/albums/z435/Project_Amethyst/Project%20Amethyst/005Charmeleon.png,Tayla|Scepticallistic,done
Charizard,,http://i1189.photobucket.com/albums/z435/Project_Amethyst/Project%20Amethyst/006Charizard.png,Scepticallistic,done
Squirtle,,http://i1189.photobucket.com/albums/z435/Project_Amethyst/Project%20Amethyst/007Squirtle.png,Abecedarian|Sleet,done
Wartortle,,,Blackhawk11,reserved
Blastoise,,,Romeert,reserved
Caterpie,,http://i1189.photobucket.com/albums/z435/Project_Amethyst/Project%20Amethyst/010Caterpie.png,Scepticallistic,done
Metapod,,http://i1189.photobucket.com/albums/z435/Project_Amethyst/Project%20Amethyst/011Metapod.png,Scepticallistic,done
Butterfree,,,Tayla,reserved
Weedle,,http://i1189.photobucket.com/albums/z435/Project_Amethyst/Project%20Amethyst/013Weedle.png,Scepticallistic,done
Kakuna,,http://i1189.photobucket.com/albums/z435/Project_Amethyst/Project%20Amethyst/014Kakuna.png,Scepticallistic|DjGopher,done
Beedrill,,http://i1189.photobucket.com/albums/z435/Project_Amethyst/Project%20Amethyst/015Beedrill.png,Wizwum,done
Pidgey,,,,
Pidgeotto,,,,
Pidgeot,,,,
Rattata,,,,
Raticate,,,,
Spearow,,http://i1189.photobucket.com/albums/z435/Project_Amethyst/Project%20Amethyst/021Spearow.png,Sleet,done
Fearow,,,,
Ekans,,http://i1189.photobucket.com/albums/z435/Project_Amethyst/Project%20Amethyst/023Ekans.png,Gwogobo,done
Arbok,,,,
Pikachu,,,Tayla,reserved
Raichu,,,,
Sandshrew,,http://i1189.photobucket.com/albums/z435/Project_Amethyst/Project%20Amethyst/027Sandshrew.png,Nopie,done
Sandslash,,http://i1189.photobucket.com/albums/z435/Project_Amethyst/Project%20Amethyst/028Sandslash.png,Nopie,done
Nidoran♀,,http://i1189.photobucket.com/albums/z435/Project_Amethyst/Project%20Amethyst/029NidoranF.png,DjGopher,done
Nidorina,,http://i1189.photobucket.com/albums/z435/Project_Amethyst/Project%20Amethyst/030Nidorina.png,Sleet,done
Nidoqueen,,http://i1189.photobucket.com/albums/z435/Project_Amethyst/Project%20Amethyst/031Nidoqueen.png,Sleet|Scepticallistic,done
Nidoran♂,,http://i1189.photobucket.com/albums/z435/Project_Amethyst/Project%20Amethyst/032NidoranM.png,DjGopher,done
Nidorino,,,,
Nidoking,,http://i1189.photobucket.com/albums/z435/Project_Amethyst/Project%20Amethyst/034Nidoking.png,Sleet|Scepticallistic,done
Clefairy,,http://i1189.photobucket.com/albums/z435/Project_Amethyst/Project%20Amethyst/035Clefairy.png,Wizwum|Scepticallistic,done
Clefable,,http://i1189.photobucket.com/albums/z435/Project_Amethyst/Project%20Amethyst/036Clefable.png,Wizwum,done
Vulpix,,,,
Ninetales,,http://i1189.photobucket.com/albums/z435/Project_Amethyst/Project%20Amethyst/038Ninetales.png,Solackno|Scepticallistic,done
Jigglypuff,,http://i1189.photobucket.com/albums/z435/Project_Amethyst/Project%20Amethyst/039Jigglypuff.png,Nopie,done
Wigglytuff,,http://i1189.photobucket.com/albums/z435/Project_Amethyst/Project%20Amethyst/040Wigglytuff.png,Nopie|Wizwum,done
Zubat,,http://i1189.photobucket.com/albums/z435/Project_Amethyst/Project%20Amethyst/041Zubat.png,Sleet|Scepticallistic,done
Golbat,,http://i1189.photobucket.com/albums/z435/Project_Amethyst/Project%20Amethyst/042Golbat.png,Blackhawk11|Wizwum,done
Oddish,,http://i1189.photobucket.com/albums/z435/Project_Amethyst/Project%20Amethyst/043Oddish.png,Wizwum,done
Gloom,,http://i1189.photobucket.com/albums/z435/Project_Amethyst/Project%20Amethyst/044Gloom.png,Wizwum,done
Vileplume,,http://i1189.photobucket.com/albums/z435/Project_Amethyst/Project%20Amethyst/045Vileplume.png,blakkmajyk|Scepticallistic,done
Paras,,,,
Parasect,,,,
Venonat,,,,
Venomoth,,,,
Diglett,,http://i1189.photobucket.com/albums/z435/Project_Amethyst/Project%20Amethyst/050Diglett.png,Nopie,done
Dugtrio,,http://i1189.photobucket.com/albums/z435/Project_Amethyst/Project%20Amethyst/051Dugtrio.png,Nopie,done
Meowth,,,,
Persian,,,,
Psyduck,,http://i1189.photobucket.com/albums/z435/Project_Amethyst/Project%20Amethyst/054Psyduck.png,Blackhawk11|DarthVader317,done
Golduck,,,Blackhawk11,reserved
Mankey,,http://i1189.photobucket.com/albums/z435/Project_Amethyst/Project%20Amethyst/056Mankey.png,Nopie,done
Primeape,,http://i1189.photobucket.com/albums/z435/Project_Amethyst/Project%20Amethyst/057Primeape.png,Nopie,done
Growlithe,,,,
Arcanine,,http://i1189.photobucket.com/albums/z435/Project_Amethyst/Project%20Amethyst/059Arcanine.png,Alchemator|aXl|Scepticallistic,done
Poliwag,,http://i1189.photobucket.com/albums/z435/Project_Amethyst/Project%20Amethyst/060Poliwag.png,Nopie,done
Poliwhirl,,http://i1189.photobucket.com/albums/z435/Project_Amethyst/Project%20Amethyst/061Poliwhirl.png,Nopie,done
Poliwrath,,http://i1189.photobucket.com/albums/z435/Project_Amethyst/Project%20Amethyst/062Poliwrath.png,Nopie,done
Abra,,,,
Kadabra,,,,
Alakazam,,,,
Machop,,http://i1189.photobucket.com/albums/z435/Project_Amethyst/Project%20Amethyst/066Machop.png,Blackhawk11|Scepticallistic,done
Machoke,,,,
Machamp,,,,
Bellsprout,,http://i1189.photobucket.com/albums/z435/Project_Amethyst/Project%20Amethyst/069Bellsprout.png,Mouse|Scepticallistic,done
Weepinbell,,http://i1189.photobucket.com/albums/z435/Project_Amethyst/Project%20Amethyst/070Weepinbell.png,Sleet,done
Victreebel,,http://i1189.photobucket.com/albums/z435/Project_Amethyst/Project%20Amethyst/071Victreebel.png,Sleet,done
Tentacool,,http://i1189.photobucket.com/albums/z435/Project_Amethyst/Project%20Amethyst/072Tentacool.png,Alchemator,done
Tentacruel,,http://i1189.photobucket.com/albums/z435/Project_Amethyst/Project%20Amethyst/073Tentacruel.png,Alchemator|aXl,done
Geodude,,,,
Graveler,,,,
Golem,,,,
Ponyta,,,,
Rapidash,,http://i122.photobucket.com/albums/o250/Wizwum/rapidashfinal.png,Wizwum,limbo
Slowpoke,,,,
Slowbro,,,,
Magnemite,,http://i1189.photobucket.com/albums/z435/Project_Amethyst/Project%20Amethyst/081Magnemite.png,Nopie|Wizwum,done
Magneton,,http://i1189.photobucket.com/albums/z435/Project_Amethyst/Project%20Amethyst/082Magneton.png,Nopie|DarthVader317,done
Farfetch'd,,http://img714.imageshack.us/img714/2874/85472994.png,Darkanine|Scepticallistic,limbo
Doduo,,http://img21.imageshack.us/img21/9083/084doduo.png,Sleet,limbo
Dodrio,,http://img856.imageshack.us/img856/2259/085dodrio.png,Sleet,limbo
Seel,,,Mektar,reserved
Dewgong,,,Mektar,reserved
Grimer,,,,
Muk,,http://i1189.photobucket.com/albums/z435/Project_Amethyst/Project%20Amethyst/089Muk.png,Scepticallistic,done
Shellder,,http://i1189.photobucket.com/albums/z435/Project_Amethyst/Project%20Amethyst/090Shellder.png,JarardoMartino|DarthVader317,done
Cloyster,,,,
Gastly,,http://i1189.photobucket.com/albums/z435/Project_Amethyst/Project%20Amethyst/092Gastly.png,Scepticallistic,done
Haunter,,,,
Gengar,,,,
Onix,,,,
Drowzee,,http://imgcash6.imageshack.us/img826/7800/096drowzee2.png,Sleet,limbo
Hypno,,http://i1189.photobucket.com/albums/z435/Project_Amethyst/Project%20Amethyst/097Hypno.png,Sleet|Scepticallistic,done
Krabby,,http://i1189.photobucket.com/albums/z435/Project_Amethyst/Project%20Amethyst/098Krabby.png,Arch|Scepticallistic,done
Kingler,,http://i1189.photobucket.com/albums/z435/Project_Amethyst/Project%20Amethyst/099Kingler.png,Nopie|Wizwum,done
Voltorb,,http://i1189.photobucket.com/albums/z435/Project_Amethyst/Project%20Amethyst/100Voltorb.png,Danilyu,done
Electrode,,http://i1189.photobucket.com/albums/z435/Project_Amethyst/Project%20Amethyst/101Electrode.png,Scepticallistic,done
Exeggcute,,http://i1189.photobucket.com/albums/z435/Project_Amethyst/Project%20Amethyst/102Exeggcute.png,Nopie,done
Exeggutor,,http://i1189.photobucket.com/albums/z435/Project_Amethyst/Project%20Amethyst/103Exeggutor.png,Alchemator|Scepticallistic,done
Cubone,,http://i1189.photobucket.com/albums/z435/Project_Amethyst/Project%20Amethyst/104Cubone.png,Arch|Scepticallistic,done
Marowak,,http://i1189.photobucket.com/albums/z435/Project_Amethyst/Project%20Amethyst/105Marowak.png,Arch|Scepticallistic,done
Hitmonlee,,,,
Hitmonchan,,http://i1189.photobucket.com/albums/z435/Project_Amethyst/Project%20Amethyst/107Hitmonchan.png,Sleet|Scepticallistic,done
Lickitung,,http://i1189.photobucket.com/albums/z435/Project_Amethyst/Project%20Amethyst/108Lickitung.png,MrBlack,done
Koffing,,,,
Weezing,,,,
Rhyhorn,,,,
Rhydon,,,,
Chansey,,http://i1189.photobucket.com/albums/z435/Project_Amethyst/Project%20Amethyst/113Chansey.png,Solackno|Scepticallistic,done
Tangela,,http://i1189.photobucket.com/albums/z435/Project_Amethyst/Project%20Amethyst/114Tangela.png,Sleet,done
Kangaskhan,,http://i1189.photobucket.com/albums/z435/Project_Amethyst/Project%20Amethyst/115Kangaskhan.png,Ghost.,done
Horsea,,http://i1189.photobucket.com/albums/z435/Project_Amethyst/Project%20Amethyst/116Horsea.png,DjGopher,done
Seadra,,,,
Goldeen,,,,
Seaking,,http://i1189.photobucket.com/albums/z435/Project_Amethyst/Project%20Amethyst/119Seaking.png,Alchemator,done
Staryu,,,,
Starmie,,http://i1189.photobucket.com/albums/z435/Project_Amethyst/Project%20Amethyst/121Starmie.png,Alchemator,done
Mr. Mime,,,,
Scyther,,,,
Jynx,,http://img208.imageshack.us/img208/1193/124jynxp.png,Sleet|Scepticallistic,limbo
Electabuzz,,http://i1189.photobucket.com/albums/z435/Project_Amethyst/Project%20Amethyst/125Electabuzz.png,Nopie,done
Magmar,,http://i1189.photobucket.com/albums/z435/Project_Amethyst/Project%20Amethyst/126Magmar.png,Blackhawk11|Scepticallistic,done
Pinsir,,,Mektar,reserved
Tauros,,,,
Magikarp,,http://i1189.photobucket.com/albums/z435/Project_Amethyst/Project%20Amethyst/129Magikarp.png,Scepticallistic,done
Gyarados,,,,
Lapras,,,,
Ditto,,http://i1189.photobucket.com/albums/z435/Project_Amethyst/Project%20Amethyst/132Ditto.png,Blackhawk11|Scepticallistic,done
Eevee,,http://i1189.photobucket.com/albums/z435/Project_Amethyst/Project%20Amethyst/133Eevee.png,Jennie,done
Vaporeon,,http://i1189.photobucket.com/albums/z435/Project_Amethyst/Project%20Amethyst/134Vaporeon.png,Tayla|Scepticallistic,done
Jolteon,,http://i1189.photobucket.com/albums/z435/Project_Amethyst/Project%20Amethyst/135Jolteon.png,Scepticallistic|aXl,done
Flareon,,http://i1189.photobucket.com/albums/z435/Project_Amethyst/Project%20Amethyst/136Flareon.png,Sleet,done
Porygon,,http://i1189.photobucket.com/albums/z435/Project_Amethyst/Project%20Amethyst/137Porygon.png,DjGopher,done
Omanyte,,http://i1189.photobucket.com/albums/z435/Project_Amethyst/Project%20Amethyst/138Omanyte.png,Sleet,done
Omastar,,http://i1189.photobucket.com/albums/z435/Project_Amethyst/Project%20Amethyst/139Omastar.png,Sleet,done
Kabuto,,http://i1189.photobucket.com/albums/z435/Project_Amethyst/Project%20Amethyst/140Kabuto.png,Arch,done
Kabutops,,http://i1189.photobucket.com/albums/z435/Project_Amethyst/Project%20Amethyst/141Kabutops.png,Arch|aXl,done
Aerodactyl,,http://i1189.photobucket.com/albums/z435/Project_Amethyst/Project%20Amethyst/142Aerodactyl.png,Scepticallistic|MrBlack,done
Snorlax,,,DjGopher,reserved
Articuno,,http://i1189.photobucket.com/albums/z435/Project_Amethyst/Project%20Amethyst/144Articuno.png,Tayla|Wizwum,done
Zapdos,,,,
Moltres,,http://i1189.photobucket.com/albums/z435/Project_Amethyst/Project%20Amethyst/146Moltres.png,MrBlack,done
Dratini,,http://i1189.photobucket.com/albums/z435/Project_Amethyst/Project%20Amethyst/147Dratini.png,Raikou151|Wizwum,done
Dragonair,,http://i1189.photobucket.com/albums/z435/Project_Amethyst/Project%20Amethyst/148Dragonair.png,Raikou151,done
Dragonite,,,,
Mewtwo,,,,
Mew,,http://i1189.photobucket.com/albums/z435/Project_Amethyst/Project%20Amethyst/151Mew.png,dawnblairr|Scepticallistic,done
Chikorita,,http://i1189.photobucket.com/albums/z435/Project_Amethyst/Project%20Amethyst/152Chikorita.png,Wizwum,done
Bayleef,,http://i1189.photobucket.com/albums/z435/Project_Amethyst/Project%20Amethyst/153Bayleef.png,Wizwum,done
Meganium,,http://i1189.photobucket.com/albums/z435/Project_Amethyst/Project%20Amethyst/154Meganium.png,Wizwum,done
Cyndaquil,,,,
Quilava,,http://i1189.photobucket.com/albums/z435/Project_Amethyst/Project%20Amethyst/156Quilava.png,Arch|Scepticallistic,done
Typhlosion,,http://i1189.photobucket.com/albums/z435/Project_Amethyst/Project%20Amethyst/157Typhlosion.png,Arch|Scepticallistic,done
Totodile,,http://i1189.photobucket.com/albums/z435/Project_Amethyst/Project%20Amethyst/158Totodile.png,Arch,done
Croconaw,,http://i1189.photobucket.com/albums/z435/Project_Amethyst/Project%20Amethyst/159Croconaw.png,Arch|Alchemator,done
Feraligatr,,http://i1189.photobucket.com/albums/z435/Project_Amethyst/Project%20Amethyst/160Feraligatr.png,Arch,done
Sentret,,http://i1189.photobucket.com/albums/z435/Project_Amethyst/Project%20Amethyst/161Sentret.png,Sleet,done
Furret,,http://i1189.photobucket.com/albums/z435/Project_Amethyst/Project%20Amethyst/162Furret.png,Arch,done
Hoothoot,,http://i1189.photobucket.com/albums/z435/Project_Amethyst/Project%20Amethyst/163Hoothoot.png,noobiess,done
Noctowl,,,,
Ledyba,,,,
Ledian,,,,
Spinarak,,http://i1189.photobucket.com/albums/z435/Project_Amethyst/Project%20Amethyst/167Spinarak.png,Danilyu,done
Ariados,,http://i1189.photobucket.com/albums/z435/Project_Amethyst/Project%20Amethyst/168Ariados.png,Scepticallistic,done
Crobat,,http://i1189.photobucket.com/albums/z435/Project_Amethyst/Project%20Amethyst/169Crobat.png,Scepticallistic,done
Chinchou,,http://i1189.photobucket.com/albums/z435/Project_Amethyst/Project%20Amethyst/170Chinchou.png,Sleet,done
Lanturn,,http://img229.imageshack.us/img229/2985/transparentlanturn.gif,Blackhawk11,limbo
Pichu,,http://img713.imageshack.us/img713/7434/172pichua.png,Arch|Wichu,limbo
Cleffa,,http://i1189.photobucket.com/albums/z435/Project_Amethyst/Project%20Amethyst/173Cleffa.png,Wizwum,done
Igglybuff,,http://i1189.photobucket.com/albums/z435/Project_Amethyst/Project%20Amethyst/174Igglybuff.png,Nopie|DarthVader317,done
Togepi,,http://i1189.photobucket.com/albums/z435/Project_Amethyst/Project%20Amethyst/175Togepi.png,noobiess,done
Togetic,,http://i1189.photobucket.com/albums/z435/Project_Amethyst/Project%20Amethyst/176Togetic.png,Sleet,done
Natu,,,,
Xatu,,,,
Mareep,,http://i1189.photobucket.com/albums/z435/Project_Amethyst/Project%20Amethyst/179Mareep.png,thebattleax|Nopie,done
Flaaffy,,http://i1189.photobucket.com/albums/z435/Project_Amethyst/Project%20Amethyst/180Flaaffy.png,Jennie,done
Ampharos,,http://i1189.photobucket.com/albums/z435/Project_Amethyst/Project%20Amethyst/181Ampharos.png,thebattleax|Scepticallistic,done
Bellossom,,http://i1189.photobucket.com/albums/z435/Project_Amethyst/Project%20Amethyst/182Bellossom.png,Sleet,done
Marill,,http://i1189.photobucket.com/albums/z435/Project_Amethyst/Project%20Amethyst/183Marill.png,Blackhawk11|Scepticallistic,done
Azumarill,,http://i1189.photobucket.com/albums/z435/Project_Amethyst/Project%20Amethyst/184Azumarill.png,Scepticallistic,done
Sudowoodo,,,Mektar|Scepticallistic|DjGopher,reserved
Politoed,,http://i1189.photobucket.com/albums/z435/Project_Amethyst/Project%20Amethyst/186Politoed.png,Sleet,done
Hoppip,,http://i1189.photobucket.com/albums/z435/Project_Amethyst/Project%20Amethyst/187Hoppip.png,Scepticallistic,done
Skiploom,,http://i1189.photobucket.com/albums/z435/Project_Amethyst/Project%20Amethyst/188Skiploom.png,Scepticallistic,done
Jumpluff,,http://i1189.photobucket.com/albums/z435/Project_Amethyst/Project%20Amethyst/189Jumpluff.png,Scepticallistic,done
Aipom,,http://i1189.photobucket.com/albums/z435/Project_Amethyst/Project%20Amethyst/190Aipom.png,Sleet,done
Sunkern,,http://i1189.photobucket.com/albums/z435/Project_Amethyst/Project%20Amethyst/191Sunkern.png,Sleet,done
Sunflora,,http://i1189.photobucket.com/albums/z435/Project_Amethyst/Project%20Amethyst/192Sunflora.png,Sleet,done
Yanma,,,,
Wooper,,http://i1189.photobucket.com/albums/z435/Project_Amethyst/Project%20Amethyst/194Wooper.png,Sleet|Scepticallistic,done
Quagsire,,http://i1189.photobucket.com/albums/z435/Project_Amethyst/Project%20Amethyst/195Quagsire.png,Scepticallistic|Wizwum,done
Espeon,,http://i1189.photobucket.com/albums/z435/Project_Amethyst/Project%20Amethyst/196Espeon.png,Arch|Scepticallistic,done
Umbreon,,http://i1189.photobucket.com/albums/z435/Project_Amethyst/Project%20Amethyst/197Umbreon.png,Thebattleax|Scepticallistic,done
Murkrow,,,,
Slowking,,http://i1189.photobucket.com/albums/z435/Project_Amethyst/Project%20Amethyst/199Slowking.png,DjGopher|Scepticallistic,done
Misdreavus,,http://i1189.photobucket.com/albums/z435/Project_Amethyst/Project%20Amethyst/200Misdreavus.png,Scepticallistic,done
Unown,A,http://i1189.photobucket.com/albums/z435/Project_Amethyst/Project%20Amethyst/201UnownA.png,Blackhawk11,done
Unown,B,http://i1189.photobucket.com/albums/z435/Project_Amethyst/Project%20Amethyst/201UnownB.png,Blackhawk11,done
Unown,C,http://i1189.photobucket.com/albums/z435/Project_Amethyst/Project%20Amethyst/201UnownC.png,Blackhawk11,done
Unown,D,http://i1189.photobucket.com/albums/z435/Project_Amethyst/Project%20Amethyst/201UnownD.png,Blackhawk11,done
Unown,E,http://i1189.photobucket.com/albums/z435/Project_Amethyst/Project%20Amethyst/201UnownE.png,Blackhawk11,done
Unown,F,http://i1189.photobucket.com/albums/z435/Project_Amethyst/Project%20Amethyst/201UnownF.png,Blackhawk11,done
Unown,G,http://i1189.photobucket.com/albums/z435/Project_Amethyst/Project%20Amethyst/201UnownG.png,Blackhawk11,done
Unown,H,http://i1189.photobucket.com/albums/z435/Project_Amethyst/Project%20Amethyst/201UnownH.png,Blackhawk11,done
Unown,I,http://i1189.photobucket.com/albums/z435/Project_Amethyst/Project%20Amethyst/201UnownI.png,Blackhawk11,done
Unown,J,http://i1189.photobucket.com/albums/z435/Project_Amethyst/Project%20Amethyst/201UnownJ.png,Blackhawk11,done
Unown,K,http://i1189.photobucket.com/albums/z435/Project_Amethyst/Project%20Amethyst/201UnownK.png,Blackhawk11,done
Unown,L,http://i1189.photobucket.com/albums/z435/Project_Amethyst/Project%20Amethyst/201UnownL.png,Blackhawk11,done
Unown,M,http://i1189.photobucket.com/albums/z435/Project_Amethyst/Project%20Amethyst/201UnownM.png,Blackhawk11,done
Unown,N,http://i1189.photobucket.com/albums/z435/Project_Amethyst/Project%20Amethyst/201UnownN.png,Blackhawk11,done
Unown,O,http://i1189.photobucket.com/albums/z435/Project_Amethyst/Project%20Amethyst/201UnownO.png,Blackhawk11,done
Unown,P,http://i1189.photobucket.com/albums/z435/Project_Amethyst/Project%20Amethyst/201UnownP.png,Blackhawk11,done
Unown,Q,http://i1189.photobucket.com/albums/z435/Project_Amethyst/Project%20Amethyst/201UnownQ.png,Blackhawk11,done
Unown,R,http://i1189.photobucket.com/albums/z435/Project_Amethyst/Project%20Amethyst/201UnownR.png,Blackhawk11,done
Unown,S,http://i1189.photobucket.com/albums/z435/Project_Amethyst/Project%20Amethyst/201UnownS.png,Blackhawk11,done
Unown,T,http://i1189.photobucket.com/albums/z435/Project_Amethyst/Project%20Amethyst/201UnownT.png,Blackhawk11,done
Unown,U,http://i1189.photobucket.com/albums/z435/Project_Amethyst/Project%20Amethyst/201UnownU.png,Blackhawk11,done
Unown,V,http://i1189.photobucket.com/albums/z435/Project_Amethyst/Project%20Amethyst/201UnownV.png,Blackhawk11,done
Unown,W,http://i1189.photobucket.com/albums/z435/Project_Amethyst/Project%20Amethyst/201UnownW.png,Blackhawk11,done
Unown,X,http://i1189.photobucket.com/albums/z435/Project_Amethyst/Project%20Amethyst/201UnownX.png,Blackhawk11,done
Unown,Y,http://i1189.photobucket.com/albums/z435/Project_Amethyst/Project%20Amethyst/201UnownY.png,Blackhawk11,done
Unown,Z,http://i1189.photobucket.com/albums/z435/Project_Amethyst/Project%20Amethyst/201UnownZ.png,Blackhawk11,done
Unown,!,http://i1189.photobucket.com/albums/z435/Project_Amethyst/Project%20Amethyst/201UnownzEXCLAMATION.png,Blackhawk11,done
Unown,?,http://i1189.photobucket.com/albums/z435/Project_Amethyst/Project%20Amethyst/201UnownzQUESTION.png,Blackhawk11,done
Wobbuffet,,http://i1189.photobucket.com/albums/z435/Project_Amethyst/Project%20Amethyst/202Wobbuffet.png,Scepticallistic|Nopie,done
Girafarig,,,,
Pineco,,,,
Forretress,,,,
Dunsparce,,http://i1189.photobucket.com/albums/z435/Project_Amethyst/Project%20Amethyst/206Dunsparce.png,Scepticallistic,done
Gligar,,http://i1189.photobucket.com/albums/z435/Project_Amethyst/Project%20Amethyst/207Gligar.png,Wichu,done
Steelix,,,,
Snubbull,,http://i1189.photobucket.com/albums/z435/Project_Amethyst/Project%20Amethyst/209Snubbull.png,Nopie,done
Granbull,,http://i1189.photobucket.com/albums/z435/Project_Amethyst/Project%20Amethyst/210Granbull.png,Nopie,done
Qwilfish,,http://i1189.photobucket.com/albums/z435/Project_Amethyst/Project%20Amethyst/211Qwilfish.png,noobiess|DjGopher,done
Scizor,,http://i1189.photobucket.com/albums/z435/Project_Amethyst/Project%20Amethyst/212Scizor.png,Scepticallistic,done
Shuckle,,http://i1189.photobucket.com/albums/z435/Project_Amethyst/Project%20Amethyst/213Shuckle.png,Blackhawk11,done
Heracross,,http://i1189.photobucket.com/albums/z435/Project_Amethyst/Project%20Amethyst/214Heracross.png,MrBlack|TVBoyCanti,done
Sneasel,,,Jennie,reserved
Teddiursa,,http://i1189.photobucket.com/albums/z435/Project_Amethyst/Project%20Amethyst/216Teddiursa.png,Aquakip,done
Ursaring,,http://i1189.photobucket.com/albums/z435/Project_Amethyst/Project%20Amethyst/217Ursaring.png,Alchemator|Scepticallistic,done
Slugma,,http://i1189.photobucket.com/albums/z435/Project_Amethyst/Project%20Amethyst/218Slugma.png,Sleet,done
Magcargo,,http://i1189.photobucket.com/albums/z435/Project_Amethyst/Project%20Amethyst/219Magcargo.png,Sleet,done
Swinub,,http://i1189.photobucket.com/albums/z435/Project_Amethyst/Project%20Amethyst/220Swinub.png,Sleet,done
Piloswine,,,,
Corsola,,,Mektar,reserved
Remoraid,,http://i1189.photobucket.com/albums/z435/Project_Amethyst/Project%20Amethyst/223Remoraid.png,Sleet,done
Octillery,,http://i1189.photobucket.com/albums/z435/Project_Amethyst/Project%20Amethyst/224Octillery.png,Sleet,done
Delibird,,http://i1189.photobucket.com/albums/z435/Project_Amethyst/Project%20Amethyst/225Delibird.png,Arch,done
Mantine,,,,
Skarmory,,http://i1189.photobucket.com/albums/z435/Project_Amethyst/Project%20Amethyst/227Skarmory.png,Arch|Scepticallistic,done
Houndour,,,,
Houndoom,,,,
Kingdra,,http://i1189.photobucket.com/albums/z435/Project_Amethyst/Project%20Amethyst/230Kingdra.png,blakkmajyk,done
Phanpy,,http://i1189.photobucket.com/albums/z435/Project_Amethyst/Project%20Amethyst/231Phanpy.png,Nopie,done
Donphan,,http://i1189.photobucket.com/albums/z435/Project_Amethyst/Project%20Amethyst/232Donphan.png,Nopie|Wizwum,done
Porygon2,,http://i1189.photobucket.com/albums/z435/Project_Amethyst/Project%20Amethyst/233Porygon2.png,Tayla|Scepticallistic,done
Stantler,,http://i1189.photobucket.com/albums/z435/Project_Amethyst/Project%20Amethyst/234Stantler.png,Sleet|Scepticallistic,done
Smeargle,,,,
Tyrogue,,,,
Hitmontop,,,,
Smoochum,,http://i1189.photobucket.com/albums/z435/Project_Amethyst/Project%20Amethyst/238Smoochum.png,Sleet,done
Elekid,,http://i1189.photobucket.com/albums/z435/Project_Amethyst/Project%20Amethyst/239Elekid.png,Nopie,done
Magby,,,,
Miltank,,http://i1189.photobucket.com/albums/z435/Project_Amethyst/Project%20Amethyst/241Miltank.png,Darkanine|Wizwum|Scepticallistic,done
Blissey,,http://i1189.photobucket.com/albums/z435/Project_Amethyst/Project%20Amethyst/242Blissey.png,MrBlack|Scepticallistic,done
Raikou,,http://i1189.photobucket.com/albums/z435/Project_Amethyst/Project%20Amethyst/243Raikou.png,Legacy Raider|aXl,done
Entei,,http://i1189.photobucket.com/albums/z435/Project_Amethyst/Project%20Amethyst/244Entei.png,Scepticallistic,done
Suicune,,http://i1189.photobucket.com/albums/z435/Project_Amethyst/Project%20Amethyst/245Suicune.png,Scepticallistic,done
Larvitar,,http://i1189.photobucket.com/albums/z435/Project_Amethyst/Project%20Amethyst/246Larvitar.png,Scepticallistic,done
Pupitar,,http://i1189.photobucket.com/albums/z435/Project_Amethyst/Project%20Amethyst/247Pupitar.png,Scepticallistic|Nopie,done
Tyranitar,,,Scepticallistic,reserved
Lugia,,http://i1189.photobucket.com/albums/z435/Project_Amethyst/Project%20Amethyst/249Lugia.png,Wizwum,done
Ho-Oh,,,,
Celebi,,http://i1189.photobucket.com/albums/z435/Project_Amethyst/Project%20Amethyst/251Celebi.png,Scepticallistic,done
Treecko,,http://i1189.photobucket.com/albums/z435/Project_Amethyst/Project%20Amethyst/252Treecko.png,Scepticallistic|MrBlack,done
Grovyle,,http://i1189.photobucket.com/albums/z435/Project_Amethyst/Project%20Amethyst/253Grovyle.png,Scepticallistic,done
Sceptile,,http://i1189.photobucket.com/albums/z435/Project_Amethyst/Project%20Amethyst/254Sceptile.png,Scepticallistic,done
Torchic,,http://i1189.photobucket.com/albums/z435/Project_Amethyst/Project%20Amethyst/255Torchic.png,Nopie|DarthVader317,done
Combusken,,http://i1189.photobucket.com/albums/z435/Project_Amethyst/Project%20Amethyst/256Combusken.png,Nopie,done
Blaziken,,http://i1189.photobucket.com/albums/z435/Project_Amethyst/Project%20Amethyst/257Blaziken.png,Nopie|TVBoyCanti,done
Mudkip,,http://i1189.photobucket.com/albums/z435/Project_Amethyst/Project%20Amethyst/258Mudkip.png,Scepticallistic,done
Marshtomp,,http://i1189.photobucket.com/albums/z435/Project_Amethyst/Project%20Amethyst/259Marshtomp.png,DjGopher,done
Swampert,,http://i1189.photobucket.com/albums/z435/Project_Amethyst/Project%20Amethyst/260Swampert.png,Scepticallistic,done
Poochyena,,http://i1189.photobucket.com/albums/z435/Project_Amethyst/Project%20Amethyst/261Poochyena.png,Sleet,done
Mightyena,,,,
Zigzagoon,,http://i1189.photobucket.com/albums/z435/Project_Amethyst/Project%20Amethyst/263Zigzagoon.png,DjGopher,done
Linoone,,,,
Wurmple,,,,
Silcoon,,,,
Beautifly,,,,
Cascoon,,,,
Dustox,,,,
Lotad,,http://i1189.photobucket.com/albums/z435/Project_Amethyst/Project%20Amethyst/270Lotad.png,Scepticallistic,done
Lombre,,http://i1189.photobucket.com/albums/z435/Project_Amethyst/Project%20Amethyst/271Lombre.png,Pika|Scepticallistic,done
Ludicolo,,http://i1189.photobucket.com/albums/z435/Project_Amethyst/Project%20Amethyst/272Ludicolo.png,TVBoyCanti|Wizwum,done
Seedot,,http://i1189.photobucket.com/albums/z435/Project_Amethyst/Project%20Amethyst/273Seedot.png,Nopie,done
Nuzleaf,,http://i1189.photobucket.com/albums/z435/Project_Amethyst/Project%20Amethyst/274Nuzleaf.png,Nopie,done
Shiftry,,http://i1189.photobucket.com/albums/z435/Project_Amethyst/Project%20Amethyst/275Shiftry.png,Nopie,done
Taillow,,,,
Swellow,,,,
Wingull,,,,
Pelipper,,,,
Ralts,,http://i1189.photobucket.com/albums/z435/Project_Amethyst/Project%20Amethyst/280Ralts.png,Scepticallistic,done
Kirlia,,http://i1189.photobucket.com/albums/z435/Project_Amethyst/Project%20Amethyst/281Kirlia.png,Scepticallistic,done
Gardevoir,,http://i1189.photobucket.com/albums/z435/Project_Amethyst/Project%20Amethyst/282Gardevoir.png,aXl,done
Surskit,,http://i1189.photobucket.com/albums/z435/Project_Amethyst/Project%20Amethyst/283Surskit.png,Sleet,done
Masquerain,,http://i1189.photobucket.com/albums/z435/Project_Amethyst/Project%20Amethyst/284Masquerain.png,Sleet,done
Shroomish,,http://i1189.photobucket.com/albums/z435/Project_Amethyst/Project%20Amethyst/285Shroomish.png,DjGopher,done
Breloom,,http://i1189.photobucket.com/albums/z435/Project_Amethyst/Project%20Amethyst/286Breloom.png,Skaisdead,done
Slakoth,,http://i1189.photobucket.com/albums/z435/Project_Amethyst/Project%20Amethyst/287Slakoth.png,DjGopher,done
Vigoroth,,,,
Slaking,,,,
Nincada,,http://i1189.photobucket.com/albums/z435/Project_Amethyst/Project%20Amethyst/290Nincada.png,Sleet,done
Ninjask,,http://i1189.photobucket.com/albums/z435/Project_Amethyst/Project%20Amethyst/291Ninjask.png,Arch,done
Shedinja,,,,
Whismur,,http://i1189.photobucket.com/albums/z435/Project_Amethyst/Project%20Amethyst/293Whismur.png,Nopie|Wizwum,done
Loudred,,http://i1189.photobucket.com/albums/z435/Project_Amethyst/Project%20Amethyst/294Loudred.png,Nopie,done
Exploud,,http://i1189.photobucket.com/albums/z435/Project_Amethyst/Project%20Amethyst/295Exploud.png,Nopie,done
Makuhita,,http://i1189.photobucket.com/albums/z435/Project_Amethyst/Project%20Amethyst/296Makuhita.png,TacoHawk76,done
Hariyama,,http://i1189.photobucket.com/albums/z435/Project_Amethyst/Project%20Amethyst/297Hariyama.png,TacoHawk76,done
Azurill,,,,
Nosepass,,http://i1189.photobucket.com/albums/z435/Project_Amethyst/Project%20Amethyst/299Nosepass.png,Scepticallistic,done
Skitty,,,,
Delcatty,,,,
Sableye,,http://i1189.photobucket.com/albums/z435/Project_Amethyst/Project%20Amethyst/302Sableye.png,JarardoMartino|Scepticallistic,done
Mawile,,http://i1189.photobucket.com/albums/z435/Project_Amethyst/Project%20Amethyst/303Mawile.png,Tayla,done
Aron,,http://i1189.photobucket.com/albums/z435/Project_Amethyst/Project%20Amethyst/304Aron.png,Wichu,done
Lairon,,http://i1189.photobucket.com/albums/z435/Project_Amethyst/Project%20Amethyst/305Lairon.png,Wichu,done
Aggron,,,,
Meditite,,http://i1189.photobucket.com/albums/z435/Project_Amethyst/Project%20Amethyst/307Meditite.png,Sleet,done
Medicham,,http://i1189.photobucket.com/albums/z435/Project_Amethyst/Project%20Amethyst/308Medicham.png,Sleet,done
Electrike,,http://i1189.photobucket.com/albums/z435/Project_Amethyst/Project%20Amethyst/309Electrike.png,Arch|Scepticallistic,done
Manectric,,http://i1189.photobucket.com/albums/z435/Project_Amethyst/Project%20Amethyst/310Manectric.png,Arch|DarthVader317,done
Plusle,,http://i1189.photobucket.com/albums/z435/Project_Amethyst/Project%20Amethyst/311Plusle.png,Miilanda|Sleet,done
Minun,,http://i1189.photobucket.com/albums/z435/Project_Amethyst/Project%20Amethyst/312Minun.png,Sleet,done
Volbeat,,http://i1189.photobucket.com/albums/z435/Project_Amethyst/Project%20Amethyst/313Volbeat.png,Arch|Scepticallistic,done
Illumise,,,,
Roselia,,,,
Gulpin,,http://i1189.photobucket.com/albums/z435/Project_Amethyst/Project%20Amethyst/316Gulpin.png,Sleet,done
Swalot,,http://i1189.photobucket.com/albums/z435/Project_Amethyst/Project%20Amethyst/317Swalot.png,Sleet,done
Carvanha,,,,
Sharpedo,,,,
Wailmer,,,,
Wailord,,,,
Numel,,http://i1189.photobucket.com/albums/z435/Project_Amethyst/Project%20Amethyst/322Numel.png,Miilanda,done
Camerupt,,,,
Torkoal,,http://i1189.photobucket.com/albums/z435/Project_Amethyst/Project%20Amethyst/324Torkoal.png,Sleet,done
Spoink,,http://i1189.photobucket.com/albums/z435/Project_Amethyst/Project%20Amethyst/325Spoink.png,Sleet,done
Grumpig,,http://i1189.photobucket.com/albums/z435/Project_Amethyst/Project%20Amethyst/326Grumpig.png,Sleet,done
Spinda,,,,
Trapinch,,http://i1189.photobucket.com/albums/z435/Project_Amethyst/Project%20Amethyst/328Trapinch.png,Pika|Scepticallistic,done
Vibrava,,http://i1189.photobucket.com/albums/z435/Project_Amethyst/Project%20Amethyst/329Vibrava.png,Sleet,done
Flygon,,http://i1189.photobucket.com/albums/z435/Project_Amethyst/Project%20Amethyst/330Flygon.png,Tayla|Scepticallistic,done
Cacnea,,,,
Cacturne,,,,
Swablu,,http://i1189.photobucket.com/albums/z435/Project_Amethyst/Project%20Amethyst/333Swablu.png,Tayla,done
Altaria,,,,
Zangoose,,http://i1189.photobucket.com/albums/z435/Project_Amethyst/Project%20Amethyst/335Zangoose.png,The 100 Mega Shock!,done
Seviper,,http://i1189.photobucket.com/albums/z435/Project_Amethyst/Project%20Amethyst/336Seviper.png,Mektar|Wizwum,done
Lunatone,,http://i1189.photobucket.com/albums/z435/Project_Amethyst/Project%20Amethyst/337Lunatone.png,Scepticallistic,done
Solrock,,http://i1189.photobucket.com/albums/z435/Project_Amethyst/Project%20Amethyst/338Solrock.png,Alchemator|Wizwum,done
Barboach,,,,
Whiscash,,http://i1189.photobucket.com/albums/z435/Project_Amethyst/Project%20Amethyst/340Whiscash.png,Scepticallistic,done
Corphish,,,,
Crawdaunt,,http://i1189.photobucket.com/albums/z435/Project_Amethyst/Project%20Amethyst/342Crawdaunt.png,Sleet,done
Baltoy,,http://i1189.photobucket.com/albums/z435/Project_Amethyst/Project%20Amethyst/343Baltoy.png,Danilyu,done
Claydol,,,,
Lileep,,,,
Cradily,,http://i1189.photobucket.com/albums/z435/Project_Amethyst/Project%20Amethyst/346Cradily.png,Sleet|Scepticallistic,done
Anorith,,,,
Armaldo,,,,
Feebas,,,,
Milotic,,,MrBlack,reserved
Castform,,,Mektar,reserved
Castform,Sunny,http://i1189.photobucket.com/albums/z435/Project_Amethyst/Project%20Amethyst/351CastformSUN.png,Mektar|Scepticallistic,done
Castform,Rainy,,Mektar,reserved
Castform,Snowy,,Mektar,reserved
Kecleon,,http://i1189.photobucket.com/albums/z435/Project_Amethyst/Project%20Amethyst/352Kecleon.png,Tayla|Scepticallistic,done
Shuppet,,,,
Banette,,http://i1189.photobucket.com/albums/z435/Project_Amethyst/Project%20Amethyst/354Banette.png,Tayla,done
Duskull,,http://i1189.photobucket.com/albums/z435/Project_Amethyst/Project%20Amethyst/355Duskull.png,Solackno,done
Dusclops,,,,
Tropius,,,,
Chimecho,,,,
Absol,,http://i1189.photobucket.com/albums/z435/Project_Amethyst/Project%20Amethyst/359Absol.png,Pika|Scepticallistic,done
Wynaut,,http://i1189.photobucket.com/albums/z435/Project_Amethyst/Project%20Amethyst/360Wynaut.png,Sleet,done
Snorunt,,http://i1189.photobucket.com/albums/z435/Project_Amethyst/Project%20Amethyst/361Snorunt.png,Sleet,done
Glalie,,http://i1189.photobucket.com/albums/z435/Project_Amethyst/Project%20Amethyst/362Glalie.png,DougJustDoug,done
Spheal,,http://i1189.photobucket.com/albums/z435/Project_Amethyst/Project%20Amethyst/363Spheal.png,Sleet|Scepticallistic,done
Sealeo,,,,
Walrein,,,,
Clamperl,,,,
Huntail,,http://i1189.photobucket.com/albums/z435/Project_Amethyst/Project%20Amethyst/367Huntail.png,Sleet,done
Gorebyss,,,,
Relicanth,,,,
Luvdisc,,http://i1189.photobucket.com/albums/z435/Project_Amethyst/Project%20Amethyst/370Luvdisc.png,Scepticallistic,done
Bagon,,http://i1189.photobucket.com/albums/z435/Project_Amethyst/Project%20Amethyst/371Bagon.png,Tayla,done
Shelgon,,http://i1189.photobucket.com/albums/z435/Project_Amethyst/Project%20Amethyst/372Shelgon.png,Arch,done
Salamence,,http://i1189.photobucket.com/albums/z435/Project_Amethyst/Project%20Amethyst/373Salamence.png,Scepticallistic,done
Beldum,,,,
Metang,,,,
Metagross,,http://i1189.photobucket.com/albums/z435/Project_Amethyst/Project%20Amethyst/376Metagross.png,MrBlack,done
Regirock,,http://i1189.photobucket.com/albums/z435/Project_Amethyst/Project%20Amethyst/377Regirock.png,Sleet|Scepticallistic,done
Regice,,,,
Registeel,,,,
Latias,,,,
Latios,,,,
Kyogre,,http://i1189.photobucket.com/albums/z435/Project_Amethyst/Project%20Amethyst/382Kyogre.png,Scepticallistic|DarthVader317,done
Groudon,,,,
Rayquaza,,http://i1189.photobucket.com/albums/z435/Project_Amethyst/Project%20Amethyst/384Rayquaza.png,Arch|Scepticallistic,done
Jirachi,,,,
Deoxys,Normal,http://i1189.photobucket.com/albums/z435/Project_Amethyst/Project%20Amethyst/386DeoxysNORMAL.png,Nopie|DarthVader317,done
Deoxys,Attack,http://i1189.photobucket.com/albums/z435/Project_Amethyst/Project%20Amethyst/386DeoxysATTACK.png,Nopie,done
Deoxys,Defense,http://i1189.photobucket.com/albums/z435/Project_Amethyst/Project%20Amethyst/386DeoxysDEFENSE.png,Nopie,done
Deoxys,Speed,http://i1189.photobucket.com/albums/z435/Project_Amethyst/Project%20Amethyst/386DeoxysSPEED.png,Nopie,done
Turtwig,,http://i1189.photobucket.com/albums/z435/Project_Amethyst/Project%20Amethyst/387Turtwig.png,Nopie,done
Grotle,,http://i1189.photobucket.com/albums/z435/Project_Amethyst/Project%20Amethyst/388Grotle.png,Nopie,done
Torterra,,http://i1189.photobucket.com/albums/z435/Project_Amethyst/Project%20Amethyst/389Torterra.png,Nopie|Scepticallistic,done
Chimchar,,,,
Monferno,,,,
Infernape,,http://i1189.photobucket.com/albums/z435/Project_Amethyst/Project%20Amethyst/392Infernape.png,Scepticallistic,done
Piplup,,http://i1189.photobucket.com/albums/z435/Project_Amethyst/Project%20Amethyst/393Piplup.png,DjGopher,done
Prinplup,,,,
Empoleon,,http://i1189.photobucket.com/albums/z435/Project_Amethyst/Project%20Amethyst/395Empoleon.png,Scepticallistic,done
Starly,,http://i1189.photobucket.com/albums/z435/Project_Amethyst/Project%20Amethyst/396Starly.png,Arch,done
Staravia,,http://i1189.photobucket.com/albums/z435/Project_Amethyst/Project%20Amethyst/397Staravia.png,Arch,done
Staraptor,,,,
Bidoof,,http://i1189.photobucket.com/albums/z435/Project_Amethyst/Project%20Amethyst/399Bidoof.png,Scepticallistic,done
Bibarel,,,,
Kricketot,,,,
Kricketune,,,,
Shinx,,http://i1189.photobucket.com/albums/z435/Project_Amethyst/Project%20Amethyst/403Shinx.png,Blackhawk11,done
Luxio,,,,
Luxray,,,,
Budew,,,,
Roserade,,,,
Cranidos,,http://i1189.photobucket.com/albums/z435/Project_Amethyst/Project%20Amethyst/408Cranidos.png,Angry_Pacifist|Scepticallistic,done
Rampardos,,,,
Shieldon,,http://i1189.photobucket.com/albums/z435/Project_Amethyst/Project%20Amethyst/410Shieldon.png,Sleet,done
Bastiodon,,http://i1189.photobucket.com/albums/z435/Project_Amethyst/Project%20Amethyst/411Bastiodon.png,Sleet,done
Burmy,Plant,http://i1189.photobucket.com/albums/z435/Project_Amethyst/Project%20Amethyst/412BurmyPLANT.png,Mektar|Scepticallistic,done
Burmy,Sandy,http://i1189.photobucket.com/albums/z435/Project_Amethyst/Project%20Amethyst/412BurmySAND.png,Mektar,done
Burmy,Trash,http://i1189.photobucket.com/albums/z435/Project_Amethyst/Project%20Amethyst/412BurmyTRASH.png,Mektar,done
Wormadam,Plant,http://i1189.photobucket.com/albums/z435/Project_Amethyst/Project%20Amethyst/413WormadamPLANT.png,Mektar,done
Wormadam,Sandy,http://i1189.photobucket.com/albums/z435/Project_Amethyst/Project%20Amethyst/413WormadamSANDY.png,Mektar,done
Wormadam,Trash,,Mektar,reserved
Mothim,,,Mektar,reserved
Combee,,,,
Vespiquen,,,,
Pachirisu,,,,
Buizel,,,TacoHawk76,reserved
Floatzel,,,TacoHawk76,reserved
Cherubi,,http://i1189.photobucket.com/albums/z435/Project_Amethyst/Project%20Amethyst/420Cherubi.png,Scepticallistic,done
Cherrim,Overcast,http://i1189.photobucket.com/albums/z435/Project_Amethyst/Project%20Amethyst/421CherrimOVERCAST.png,Scepticallistic,done
Cherrim,Sunshine,http://i1189.photobucket.com/albums/z435/Project_Amethyst/Project%20Amethyst/421CherrimSUNNY.png,Scepticallistic,done
Shellos,East,,,
Shellos,West,,,
Gastrodon,East,http://i1189.photobucket.com/albums/z435/Project_Amethyst/Project%20Amethyst/423GastrodonEAST.png,Scepticallistic,done
Gastrodon,West,http://i1189.photobucket.com/albums/z435/Project_Amethyst/Project%20Amethyst/423GastrodonWEST.png,Scepticallistic,done
Ambipom,,,,
Drifloon,,http://i1189.photobucket.com/albums/z435/Project_Amethyst/Project%20Amethyst/425Drifloon.png,Sleet,done
Drifblim,,,,
Buneary,,,,
Lopunny,,http://i1189.photobucket.com/albums/z435/Project_Amethyst/Project%20Amethyst/428Lopunny.png,Alchemator|Scepticallistic,done
Mismagius,,http://i1189.photobucket.com/albums/z435/Project_Amethyst/Project%20Amethyst/429Mismagius.png,Scepticallistic,done
Honchkrow,,http://i1189.photobucket.com/albums/z435/Project_Amethyst/Project%20Amethyst/430Honchkrow.png,Scepticallistic,done
Glameow,,http://i1189.photobucket.com/albums/z435/Project_Amethyst/Project%20Amethyst/431Glameow.png,Sleet,done
Purugly,,,,
Chingling,,http://i1189.photobucket.com/albums/z435/Project_Amethyst/Project%20Amethyst/433Chingling.png,Sleet,done
Stunky,,,,
Skuntank,,http://i1189.photobucket.com/albums/z435/Project_Amethyst/Project%20Amethyst/435Skuntank.png,Scepticallistic,done
Bronzor,,http://i1189.photobucket.com/albums/z435/Project_Amethyst/Project%20Amethyst/436Bronzor.png,Scepticallistic,done
Bronzong,,,,
Bonsly,,http://i1189.photobucket.com/albums/z435/Project_Amethyst/Project%20Amethyst/438Bonsly.png,Scepticallistic,done
Mime Jr.,,http://i1189.photobucket.com/albums/z435/Project_Amethyst/Project%20Amethyst/439MimeJr.png,Sleet,done
Happiny,,http://i1189.photobucket.com/albums/z435/Project_Amethyst/Project%20Amethyst/440Happiny.png,Sleet,done
Chatot,,http://i1189.photobucket.com/albums/z435/Project_Amethyst/Project%20Amethyst/441Chatot.png,Alchemator,done
Spiritomb,,http://i1189.photobucket.com/albums/z435/Project_Amethyst/Project%20Amethyst/442Spiritomb.png,Thebattleax,done
Gible,,,,
Gabite,,,Tayla,reserved
Garchomp,,,,
Munchlax,,http://i1189.photobucket.com/albums/z435/Project_Amethyst/Project%20Amethyst/446Munchlax.png,Nopie,done
Riolu,,,,
Lucario,,http://i1189.photobucket.com/albums/z435/Project_Amethyst/Project%20Amethyst/448Lucario.png,Ghost.,done
Hippopotas,,http://i1189.photobucket.com/albums/z435/Project_Amethyst/Project%20Amethyst/449Hippopotas.png,Sleet,done
Hippowdon,,,,
Skorupi,,http://i1189.photobucket.com/albums/z435/Project_Amethyst/Project%20Amethyst/451Skorupi.png,Sleet,done
Drapion,,http://i1189.photobucket.com/albums/z435/Project_Amethyst/Project%20Amethyst/452Drapion.png,Scepticallistic,done
Croagunk,,http://i1189.photobucket.com/albums/z435/Project_Amethyst/Project%20Amethyst/453Croagunk.png,Sleet,done
Toxicroak,,http://i1189.photobucket.com/albums/z435/Project_Amethyst/Project%20Amethyst/454Toxicroak.png,Alchemator,done
Carnivine,,,,
Finneon,,,,
Lumineon,,http://i1189.photobucket.com/albums/z435/Project_Amethyst/Project%20Amethyst/457Lumineon.png,AlmondEyes,done
Mantyke,,http://i1189.photobucket.com/albums/z435/Project_Amethyst/Project%20Amethyst/458Mantyke.png,Sleet,done
Snover,,,,
Abomasnow,,,,
Weavile,,http://i1189.photobucket.com/albums/z435/Project_Amethyst/Project%20Amethyst/461Weavile.png,Someone|Scepticallistic,done
Magnezone,,http://i1189.photobucket.com/albums/z435/Project_Amethyst/Project%20Amethyst/462Magnezone.png,Nopie,done
Lickilicky,,http://i1189.photobucket.com/albums/z435/Project_Amethyst/Project%20Amethyst/463Lickilicky.png,Scepticallistic,done
Rhyperior,,http://i1189.photobucket.com/albums/z435/Project_Amethyst/Project%20Amethyst/464Rhyperior.png,Scepticallistic|Wizwum,done
Tangrowth,,http://i1189.photobucket.com/albums/z435/Project_Amethyst/Project%20Amethyst/465Tangrowth.png,Scepticallistic,done
Electivire,,http://i1189.photobucket.com/albums/z435/Project_Amethyst/Project%20Amethyst/466Electivire.png,Scepticallistic,done
Magmortar,,http://i1189.photobucket.com/albums/z435/Project_Amethyst/Project%20Amethyst/467Magmortar.png,Scepticallistic,done
Togekiss,,http://i1189.photobucket.com/albums/z435/Project_Amethyst/Project%20Amethyst/468Togekiss.png,Scepticallistic,done
Yanmega,,,,
Leafeon,,http://i1189.photobucket.com/albums/z435/Project_Amethyst/Project%20Amethyst/470Leafeon.png,Scepticallistic|Wizwum,done
Glaceon,,http://i1189.photobucket.com/albums/z435/Project_Amethyst/Project%20Amethyst/471Glaceon.png,Tayla|Scepticallistic,done
Gliscor,,http://i1189.photobucket.com/albums/z435/Project_Amethyst/Project%20Amethyst/472Gliscor.png,thebattleax|Scepticallistic|Nopie,done
Mamoswine,,http://i1189.photobucket.com/albums/z435/Project_Amethyst/Project%20Amethyst/473Mamoswine.png,Scepticallistic|MrBlack,done
Porygon-Z,,http://i1189.photobucket.com/albums/z435/Project_Amethyst/Project%20Amethyst/474PorygonZ.png,Danilyu|Scepticallistic,done
Gallade,,http://i1189.photobucket.com/albums/z435/Project_Amethyst/Project%20Amethyst/475Gallade.png,aXl,done
Probopass,,http://i1189.photobucket.com/albums/z435/Project_Amethyst/Project%20Amethyst/476Probopass.png,Scepticallistic,done
Dusknoir,,http://i1189.photobucket.com/albums/z435/Project_Amethyst/Project%20Amethyst/477Dusknoir.png,Scepticallistic,done
Froslass,,http://i1189.photobucket.com/albums/z435/Project_Amethyst/Project%20Amethyst/478Froslass.png,Scepticallistic,done
Rotom,,,Mektar,reserved
Rotom,Heat,,Mektar,reserved
Rotom,Wash,http://i1189.photobucket.com/albums/z435/Project_Amethyst/Project%20Amethyst/479RotomWASH.png,Mektar|Sleet,done
Rotom,Mow,,Mektar,reserved
Rotom,Fan,,Mektar,reserved
Rotom,Frost,,Mektar,reserved
Uxie,,http://i1189.photobucket.com/albums/z435/Project_Amethyst/Project%20Amethyst/480Uxie.png,Nopie|Scepticallistic,done
Mesprit,,http://i1189.photobucket.com/albums/z435/Project_Amethyst/Project%20Amethyst/481Mesprit.png,Nopie|Scepticallistic,done
Azelf,,http://i1189.photobucket.com/albums/z435/Project_Amethyst/Project%20Amethyst/482Azelf.png,Nopie|Scepticallistic,done
Dialga,,,Nopie,reserved
Palkia,,http://i1189.photobucket.com/albums/z435/Project_Amethyst/Project%20Amethyst/484Palkia.png,Nopie,done
Heatran,,,DougJustDoug,reserved
Regigigas,,http://i1189.photobucket.com/albums/z435/Project_Amethyst/Project%20Amethyst/486Regigigas.png,Scepticallistic,done
Giratina,Altered,http://i3.photobucket.com/albums/y53/Feargreed/Amethyst%20Sprites/GiratinaAltered.gif,Nopie,QC
Giratina,Origin,http://i612.photobucket.com/albums/tt203/StuWaddell/th_487giratinaodithered.png?t=1286143931,Sleet,limbo
Cresselia,,http://i1189.photobucket.com/albums/z435/Project_Amethyst/Project%20Amethyst/488Cresselia.png,Nik S D|aXl,done
Phione,,http://i1189.photobucket.com/albums/z435/Project_Amethyst/Project%20Amethyst/489Phione.png,Sleet,done
Manaphy,,http://i1189.photobucket.com/albums/z435/Project_Amethyst/Project%20Amethyst/490Manaphy.png,Scepticallistic,done
Darkrai,,http://i1189.photobucket.com/albums/z435/Project_Amethyst/Project%20Amethyst/491Darkrai.png,Nik S D|aXl,done
Shaymin,Land,,,
Shaymin,Sky,http://i1189.photobucket.com/albums/z435/Project_Amethyst/Project%20Amethyst/492ShayminSKY.png,Tayla|Scepticallistic,done
Arceus,Bug,http://i1189.photobucket.com/albums/z435/Project_Amethyst/Project%20Amethyst/493ArceusBUG.png,Nopie|DarthVader317,done
Arceus,Dark,http://i1189.photobucket.com/albums/z435/Project_Amethyst/Project%20Amethyst/493ArceusDARK.png,Nopie|DarthVader317,done
Arceus,Dragon,http://i1189.photobucket.com/albums/z435/Project_Amethyst/Project%20Amethyst/493ArceusDRAGON.png,Nopie|DarthVader317,done
Arceus,Electric,http://i1189.photobucket.com/albums/z435/Project_Amethyst/Project%20Amethyst/493ArceusELECTRIC.png,Nopie|DarthVader317,done
Arceus,Fighting,http://i1189.photobucket.com/albums/z435/Project_Amethyst/Project%20Amethyst/493ArceusFIGHTING.png,Nopie|DarthVader317,done
Arceus,Fire,http://i1189.photobucket.com/albums/z435/Project_Amethyst/Project%20Amethyst/493ArceusFIRE.png,Nopie|DarthVader317,done
Arceus,Flying,http://i1189.photobucket.com/albums/z435/Project_Amethyst/Project%20Amethyst/493ArceusFLYING.png,Nopie|DarthVader317,done
Arceus,Ghost,http://i1189.photobucket.com/albums/z435/Project_Amethyst/Project%20Amethyst/493ArceusGHOST.png,Nopie|DarthVader317,done
Arceus,Grass,http://i1189.photobucket.com/albums/z435/Project_Amethyst/Project%20Amethyst/493ArceusGRASS.png,Nopie|DarthVader317,done
Arceus,Ground,http://i1189.photobucket.com/albums/z435/Project_Amethyst/Project%20Amethyst/493ArceusGROUND.png,Nopie|DarthVader317,done
Arceus,Ice,http://i1189.photobucket.com/albums/z435/Project_Amethyst/Project%20Amethyst/493ArceusICE.png,Nopie|DarthVader317,done
Arceus,Normal,http://i1189.photobucket.com/albums/z435/Project_Amethyst/Project%20Amethyst/493ArceusNORMAL.png,Nopie|DarthVader317,done
Arceus,Poison,http://i1189.photobucket.com/albums/z435/Project_Amethyst/Project%20Amethyst/493ArceusPOISON.png,Nopie|DarthVader317,done
Arceus,Psychic,http://i1189.photobucket.com/albums/z435/Project_Amethyst/Project%20Amethyst/493ArceusPSYCHIC.png,Nopie|DarthVader317,done
Arceus,Rock,http://i1189.photobucket.com/albums/z435/Project_Amethyst/Project%20Amethyst/493ArceusROCK.png,Nopie|DarthVader317,done
Arceus,Steel,http://i1189.photobucket.com/albums/z435/Project_Amethyst/Project%20Amethyst/493ArceusSTEEL.png,Nopie|DarthVader317,done
Arceus,Water,http://i1189.photobucket.com/albums/z435/Project_Amethyst/Project%20Amethyst/493ArceusWATER.png,Nopie|DarthVader317,done
Victini,,,,
Snivy,,,,
Servine,,,,
Serperior,,http://i1189.photobucket.com/albums/z435/Project_Amethyst/Project%20Amethyst/497Serperior.png,Crashman,done
Tepig,,,The 100 Mega Shock!,reserved
Pignite,,,,
Emboar,,http://img694.imageshack.us/img694/8995/emboar.png,The 100 Mega Shock!,QC
Oshawott,,,,
Dewott,,,,
Samurott,,,,
Patrat,,,,
Watchog,,,,
Lillipup,,,,
Herdier,,,,
Stoutland,,,,
Purrloin,,,,
Liepard,,,,
Pansage,,,,
Simisage,,,,
Pansear,,,,
Simisear,,,,
Panpour,,,,
Simipour,,,,
Munna,,,,
Musharna,,,,
Pidove,,http://i1189.photobucket.com/albums/z435/Project_Amethyst/Project%20Amethyst/519Pidove.png,Energy_Storm,done
Tranquill,,,,
Unfezant,Male,,,
Unfezant,Female,,,
Blitzle,,http://img715.imageshack.us/img715/5617/blitzleamethystfinal.png,thelaytonmobile,QC
Zebstrika,,,,
Roggenrola,,,,
Boldore,,,,
Gigalith,,,,
Woobat,,,,
Swoobat,,,,
Drilbur,,,DjGopher,reserved
Excadrill,,,,
Audino,,,,
Timburr,,,,
Gurdurr,,,,
Conkeldurr,,,,
Tympole,,http://img12.imageshack.us/img12/4180/tympole.png,Energy_Storm,QC
Palpitoad,,http://i1189.photobucket.com/albums/z435/Project_Amethyst/Project%20Amethyst/536Gamagaru.png,Energy_Storm,done
Seismitoad,,http://img339.imageshack.us/img339/958/seismitoad.png,Energy_Storm,QC
Throh,,,,
Sawk,,,,
Sewaddle,,,,
Swadloon,,,,
Leavanny,,,,
Venipede,,,,
Whirlipede,,,,
Scolipede,,,,
Cottonee,,http://i1189.photobucket.com/albums/z435/Project_Amethyst/Project%20Amethyst/546Monmen.png,Sleet,done
Whimsicott,,http://i1189.photobucket.com/albums/z435/Project_Amethyst/Project%20Amethyst/547Erufuun.png,Sleet,done
Petilil,,http://i1189.photobucket.com/albums/z435/Project_Amethyst/Project%20Amethyst/548Churine.png,Sleet,done
Lilligant,,http://i1189.photobucket.com/albums/z435/Project_Amethyst/Project%20Amethyst/549Doredia.png,Sleet,done
Basculin,Red-striped,http://i1189.photobucket.com/albums/z435/Project_Amethyst/Project%20Amethyst/550BasuraoRED.png,Sleet,done
Basculin,Blue-striped,http://i1189.photobucket.com/albums/z435/Project_Amethyst/Project%20Amethyst/550BasuraoBLUE.png,Sleet,done
Sandile,,http://i1189.photobucket.com/albums/z435/Project_Amethyst/Project%20Amethyst/551Meguroco.png,Sleet,done
Krokorok,,http://i1189.photobucket.com/albums/z435/Project_Amethyst/Project%20Amethyst/552Waruvile.png,Sleet,done
Krookodile,,http://i1189.photobucket.com/albums/z435/Project_Amethyst/Project%20Amethyst/553Waruvial.png,Sleet,done
Darumaka,,,Shiny_togekiss,reserved
Darmanitan,Normal,,,
Darmanitan,Zen,,,
Maractus,,,,
Dwebble,,,,
Crustle,,,,
Scraggy,,http://i1189.photobucket.com/albums/z435/Project_Amethyst/Project%20Amethyst/559Zuruggu.png,Sleet,done
Scrafty,,http://i1189.photobucket.com/albums/z435/Project_Amethyst/Project%20Amethyst/560Zuruzukin.png,Sleet,done
Sigilyph,,,,
Yamask,,http://i1189.photobucket.com/albums/z435/Project_Amethyst/Project%20Amethyst/562Desumasu.png,Shiny_togekiss,done
Cofagrigus,,,,
Tirtouga,,,,
Carracosta,,,,
Archen,,,,
Archeops,,,,
Trubbish,,http://i1189.photobucket.com/albums/z435/Project_Amethyst/Project%20Amethyst/568Trubbish.png,Sleet,done
Garbodor,,,,
Zorua,,http://i1189.photobucket.com/albums/z435/Project_Amethyst/Project%20Amethyst/570Zorua.png,skymin_flower|aXl,done
Zoroark,,,aXl,reserved
Minccino,,,,
Cinccino,,,,
Gothita,,,,
Gothorita,,,,
Gothitelle,,,,
Solosis,,http://i1189.photobucket.com/albums/z435/Project_Amethyst/Project%20Amethyst/577Yuniran.png,Shiny_togekiss,done
Duosion,,,Shiny_togekiss,reserved
Reuniclus,,,Shiny_togekiss,reserved
Ducklett,,http://i1189.photobucket.com/albums/z435/Project_Amethyst/Project%20Amethyst/580Ducklett.png,Sleet,done
Swanna,,http://i1189.photobucket.com/albums/z435/Project_Amethyst/Project%20Amethyst/581Swanna.png,Sleet,done
Vanillite,,,,
Vanillish,,,,
Vanilluxe,,,,
Deerling,Spring,,,
Deerling,Summer,,,
Deerling,Autumn,,,
Deerling,Winter,,,
Sawsbuck,Spring,,,
Sawsbuck,Summer,,,
Sawsbuck,Autumn,,,
Sawsbuck,Winter,,,
Emolga,,,,
Karrablast,,,,
Escavalier,,,,
Foongus,,http://i1189.photobucket.com/albums/z435/Project_Amethyst/Project%20Amethyst/590Foongus.png,Sleet,done
Amoonguss,,,,
Frillish,Male,,,
Frillish,Female,,,
Jellicent,Male,,,
Jellicent,Female,,,
Alomomola,,,,
Joltik,,http://i1238.photobucket.com/albums/ff493/EnergyStorm/BachuruScaled.png,Energy_Storm,QC
Galvantula,,,Energy_Storm,reserved
Ferroseed,,http://i1189.photobucket.com/albums/z435/Project_Amethyst/Project%20Amethyst/597Tesshido.png,Energy_Storm,done
Ferrothorn,,,Energy_Storm,reserved
Klink,,http://img842.imageshack.us/img842/9504/klink.png,Mektar,QC
Klang,,,Mektar,reserved
Klinklang,,,Mektar,reserved
Tynamo,,,,
Eelektrik,,,,
Eelektross,,,,
Elgyem,,http://i1189.photobucket.com/albums/z435/Project_Amethyst/Project%20Amethyst/605Elgyem.png,Sleet,done
Beheeyem,,,,
Litwick,,,Albinoloon,reserved
Lampent,,,,
Chandelure,,,,
Axew,,,,
Fraxure,,,,
Haxorus,,,,
Cubchoo,,,,
Beartic,,,,
Cryogonal,,,,
Shelmet,,,,
Accelgor,,,,
Stunfisk,,,,
Mienfoo,,,,
Mienshao,,,,
Druddigon,,,,
Golett,,,,
Golurk,,,,
Pawniard,,,,
Bisharp,,,,
Bouffalant,,,,
Rufflet,,,Arch,reserved
Braviary,,,,
Vullaby,,,,
Mandibuzz,,,,
Heatmor,,,,
Durant,,,,
Deino,,,,
Zweilous,,,,
Hydreigon,,,,
Larvesta,,http://i1189.photobucket.com/albums/z435/Project_Amethyst/Project%20Amethyst/636Meraruba.png,Sleet,done
Volcarona,,,,
Cobalion,,,,
Terrakion,,,,
Virizion,,,,
Tornadus,,,,
Thundurus,,,,
Reshiram,,,,
Zekrom,,,,
Landorus,,,,
Kyurem,,,,
Keldeo,,,,
Meloetta,Aria,,,
Meloetta,Pirouette,,,
Genesect,Normal,,aXl,reserved
Genesect,Shock,,aXl,reserved
Genesect,Burn,,aXl,reserved
Genesect,Chill,,aXl,reserved
Genesect,Douse,,aXl,reserved
